{
"__comment": "Fair warning, this format is highly likely to change even more in the future!",
"textures": {
    "particle": "blocks/rail_detector",
    "rail_activator": "blocks/rail_activator"
},
"elements": [ 
{
    "from": [ 2, 1, 0 ],
    "to": [ 4, 1.5, 16 ],
    "faces": {
        "down":  { "uv": [ 2, 0, 4, 16 ], "texture": "#particle" },
        "up":    { "uv": [ 2, 0, 4, 16 ], "texture": "#particle" },
        "north": { "uv": [ 2, 0, 4, 16 ], "texture": "#particle" },
        "south": { "uv": [ 2, 0, 4, 16 ], "texture": "#particle" },
        "west":  { "uv": [ 2, 0, 3, 16 ], "texture": "#particle" },
        "east":  { "uv": [ 3, 0, 4, 16 ], "texture": "#particle" }
    }
},
{
    "from": [ 12, 1, 0 ],
    "to": [ 14, 1.5, 16 ],
    "faces": {
        "down":  { "uv": [ 12, 0, 14, 16 ], "texture": "#particle" },
        "up":    { "uv": [ 12, 0, 14, 16 ], "texture": "#particle" },
        "north": { "uv": [ 2, 0, 4, 16 ], "texture": "#particle" },
        "south": { "uv": [ 2, 0, 4, 16 ], "texture": "#particle" },
        "west":  { "uv": [ 3, 0, 4, 16 ], "texture": "#particle" },
        "east":  { "uv": [ 2, 0, 3, 16 ], "texture": "#particle" }
    }
},
{
    "from": [ 1, 0, 1 ],
    "to": [ 15, 1, 3 ],
    "faces": {
        "down":  { "uv": [ 4, 1, 12, 3 ], "texture": "#particle" },
        "up":    { "uv": [ 4, 1, 12, 3 ], "texture": "#particle" },
        "north": { "uv": [ 4, 1, 12, 3 ], "texture": "#particle" },
        "south": { "uv": [ 4, 1, 12, 3 ], "texture": "#particle" },
        "west":  { "uv": [ 14, 1, 15, 3 ], "texture": "#particle" },
        "east":  { "uv": [ 14, 1, 15, 3 ], "texture": "#particle" }
    }
},
{
    "from": [ 1, 0, 5 ],
    "to": [ 15, 1, 7 ],
    "faces": {
        "down":  { "uv": [ 4, 1, 12, 3 ], "texture": "#particle" },
        "up":    { "uv": [ 4, 1, 12, 3 ], "texture": "#particle" },
        "north": { "uv": [ 4, 1, 12, 3 ], "texture": "#particle" },
        "south": { "uv": [ 4, 1, 12, 3 ], "texture": "#particle" },
        "west":  { "uv": [ 14, 1, 15, 3 ], "texture": "#particle" },
        "east":  { "uv": [ 14, 1, 15, 3 ], "texture": "#particle" }
    }
},
{
    "from": [ 1, 0, 9 ],
    "to": [ 15, 1, 11 ],
    "faces": {
        "down":  { "uv": [ 4, 1, 12, 3 ], "texture": "#particle" },
        "up":    { "uv": [ 4, 1, 12, 3 ], "texture": "#particle" },
        "north": { "uv": [ 4, 1, 12, 3 ], "texture": "#particle" },
        "south": { "uv": [ 4, 1, 12, 3 ], "texture": "#particle" },
        "west":  { "uv": [ 14, 1, 15, 3 ], "texture": "#particle" },
        "east":  { "uv": [ 14, 1, 15, 3 ], "texture": "#particle" }
    }
},
{
    "from": [ 1, 0, 13 ],
    "to": [ 15, 1, 15 ],
    "faces": {
        "down":  { "uv": [ 4, 13, 12, 15 ], "texture": "#particle" },
        "up":    { "uv": [ 4, 13, 12, 15 ], "texture": "#particle" },
        "north": { "uv": [ 4, 13, 12, 15 ], "texture": "#particle" },
        "south": { "uv": [ 4, 13, 12, 15 ], "texture": "#particle" },
        "west":  { "uv": [ 14, 13, 15, 15 ], "texture": "#particle" },
        "east":  { "uv": [ 14, 13, 15, 15 ], "texture": "#particle" }
    }
},
{
    "from": [ 5, 1, 5 ],
    "to": [ 11, 1.5, 11 ],
    "faces": {
        "down":  { "uv": [ 5, 5, 11, 11 ], "texture": "#particle" },
        "up":    { "uv": [ 5, 5, 11, 11 ], "texture": "#particle" },
        "north": { "uv": [ 5, 5, 11, 6 ], "texture": "#particle" },
        "south": { "uv": [ 5, 10, 11, 11 ], "texture": "#particle" },
        "west":  { "uv": [ 5, 5, 6, 11 ], "texture": "#particle" },
        "east":  { "uv": [ 10, 5, 11, 11 ], "texture": "#particle" }
    }
},
{
    "from": [ 2, 0.5, 7 ],
    "to": [ 6, 1, 9 ],
    "faces": {
        "down":  { "uv": [ 4, 9, 8, 11 ], "texture": "#rail_activator" },
        "up":    { "uv": [ 4, 9, 8, 11 ], "texture": "#rail_activator" },
        "north": { "uv": [ 4, 14.5, 8, 15 ], "texture": "#rail_activator" },
        "south": { "uv": [ 4, 13, 8, 13.5 ], "texture": "#rail_activator" },
        "west":  { "uv": [ 7, 11, 9, 11.5 ], "texture": "#rail_activator" },
        "east":  { "uv": [ 7, 11, 9, 11.5 ], "texture": "#rail_activator" }
    }
},
{
    "from": [ 10, 0.5, 7 ],
    "to": [ 14, 1, 9 ],
    "faces": {
        "down":  { "uv": [ 8, 7, 4, 5 ], "texture": "#rail_activator" },
        "up":    { "uv": [ 8, 9, 12, 11 ], "texture": "#rail_activator" },
        "north": { "uv": [ 4, 14.5, 8, 15 ], "texture": "#rail_activator" },
        "south": { "uv": [ 8, 14.5, 12, 15 ], "texture": "#rail_activator" },
        "west":  { "uv": [ 7, 11, 9, 11.5 ], "texture": "#rail_activator" },
        "east":  { "uv": [ 7, 11, 9, 11.5 ], "texture": "#rail_activator" }
    }
},
{
    "from": [ 6, 1, 6 ],
    "to": [ 10, 2, 10 ],
    "faces": {
        "down":  { "uv": [ 10, 10, 6, 6 ], "texture": "#particle" },
        "up":    { "uv": [ 6, 6, 10, 10 ], "texture": "#particle" },
        "north": { "uv": [ 6, 7, 10, 8 ], "texture": "#particle" },
        "south": { "uv": [ 6, 7, 10, 8 ], "texture": "#particle" },
        "west":  { "uv": [ 6, 7, 10, 8 ], "texture": "#particle" },
        "east":  { "uv": [ 6, 7, 10, 8 ], "texture": "#particle" }
    }
}
]
}