{
"__comment": "Model by @Georg_Schmo",
"ambientocclusion": false,
"inventoryRender3D": false,
"textures": {
    "down": "blocks/door_iron_lower",
    "up": "blocks/door_iron_lower",
    "north": "blocks/door_iron_lower",
    "south": "blocks/door_iron_lower",
    "west": "blocks/door_iron_lower",
    "east": "blocks/door_iron_lower",
    "particle": "blocks/door_iron_lower"
},
"elements": [ 
{
    "from": [ 0, 0, 0 ],
    "to": [ 3, 16, 16 ],
    "faces": {
        "down":  { "uv": [ 16, 0, 13, 16 ], "texture": "#down" },
        "up":    { "uv": [ 13, 0, 16, 16 ], "texture": "#up" },
        "north": { "uv": [ 16, 0, 13, 16 ], "texture": "#north" },
        "south": { "uv": [ 0, 0, 3, 16 ], "texture": "#south" },
        "west":  { "uv": [ 16, 0, 0, 16 ], "texture": "#west" },
        "east":  { "uv": [ 0, 0, 16, 16 ], "texture": "#east" }
    }
}
]
}