{
"__comment": "Model by @Georg_Schmo",
"ambientocclusion": false,
"inventoryRender3D": false,
"textures": {
    "down": "blocks/door_iron_upper",
    "up": "blocks/door_iron_upper",
    "north": "blocks/door_iron_upper",
    "south": "blocks/door_iron_upper",
    "west": "blocks/door_iron_upper",
    "east": "blocks/door_iron_upper",
    "particle": "blocks/door_iron_upper"
},
"elements": [ 
{
    "from": [ 0, 0, 0 ],
    "to": [ 3, 16, 3 ],
    "faces": {
        "down":  { "uv": [ 0, 0, 3, 3 ], "texture": "#down" },
        "up":    { "uv": [ 0, 0, 3, 3 ], "texture": "#up" },
        "north": { "uv": [ 13, 0, 16, 16 ], "texture": "#north" },
        "south": { "uv": [ 16, 0, 13, 16 ], "texture": "#south" },
        "west":  { "uv": [ 16, 0, 13, 16 ], "texture": "#west" },
        "east":  { "uv": [ 13, 0, 16, 16 ], "texture": "#east" }
    }
},
{
    "from": [ 0, 10, 7 ],
    "to": [ 3, 13, 9 ],
    "faces": {
        "down":  { "uv": [ 0, 7, 3, 9 ], "texture": "#down" },
        "up":    { "uv": [ 0, 7, 3, 9 ], "texture": "#up" },
        "north": { "uv": [ 9, 3, 7, 6 ], "texture": "#north" },
        "south": { "uv": [ 7, 3, 9, 6 ], "texture": "#south" },
        "west":  { "uv": [ 7, 3, 9, 6 ], "texture": "#west" },
        "east":  { "uv": [ 9, 3, 7, 6 ], "texture": "#east" }
    }
},
{
    "from": [ 0, 5, 7 ],
    "to": [ 3, 8, 9 ],
    "__comment": "Cube*",
    "faces": {
        "down":  { "uv": [ 0, 7, 3, 9 ], "texture": "#down" },
        "up":    { "uv": [ 0, 7, 3, 9 ], "texture": "#up" },
        "north": { "uv": [ 9, 3, 7, 6 ], "texture": "#north" },
        "south": { "uv": [ 7, 3, 9, 6 ], "texture": "#south" },
        "west":  { "uv": [ 7, 3, 9, 6 ], "texture": "#west" },
        "east":  { "uv": [ 9, 3, 7, 6 ], "texture": "#east" }
    }
},
{
    "from": [ 0, 13, 3 ],
    "to": [ 3, 16, 15 ],
    "faces": {
        "down":  { "uv": [ 13, 12, 16, 0 ], "texture": "#down" },
        "up":    { "uv": [ 13, 12, 16, 0 ], "texture": "#up" },
        "north": { "uv": [ 3, 0, 0, 3 ], "texture": "#north" },
        "south": { "uv": [ 0, 0, 3, 3 ], "texture": "#south" },
        "west":  { "uv": [ 15, 0, 3, 3 ], "texture": "#west" },
        "east":  { "uv": [ 3, 0, 15, 3 ], "texture": "#east" }
    }
},
{
    "from": [ 0, 8, 3 ],
    "to": [ 3, 10, 15 ],
    "faces": {
        "down":  { "uv": [ 13, 0, 16, 12 ], "texture": "#down" },
        "up":    { "uv": [ 13, 0, 16, 12 ], "texture": "#up" },
        "north": { "uv": [ 3, 6, 0, 8 ], "texture": "#north" },
        "south": { "uv": [ 0, 6, 3, 8 ], "texture": "#south" },
        "west":  { "uv": [ 3, 8, 15, 6 ], "texture": "#west" },
        "east":  { "uv": [ 15, 8, 3, 6 ], "texture": "#east" }
    }
},
{
    "from": [ 0, 0, 3 ],
    "to": [ 3, 5, 15 ],
    "faces": {
        "down":  { "uv": [ 13, 0, 16, 12 ], "texture": "#down" },
        "up":    { "uv": [ 13, 0, 16, 12 ], "texture": "#up" },
        "north": { "uv": [ 3, 11, 0, 16 ], "texture": "#north" },
        "south": { "uv": [ 0, 11, 3, 16 ], "texture": "#south" },
        "west":  { "uv": [ 13, 11, 1, 16 ], "texture": "#west" },
        "east":  { "uv": [ 1, 11, 13, 16 ], "texture": "#east" }
    }
},
{
    "from": [ 0, 10, 13 ],
    "to": [ 3, 13, 15 ],
    "faces": {
        "down":  { "uv": [ 0, 13, 3, 15 ], "texture": "#down" },
        "up":    { "uv": [ 0, 13, 3, 15 ], "texture": "#up" },
        "north": { "uv": [ 3, 8, 0, 11 ], "texture": "#north" },
        "south": { "uv": [ 0, 8, 3, 11 ], "texture": "#south" },
        "west":  { "uv": [ 13, 3, 15, 6 ], "texture": "#west" },
        "east":  { "uv": [ 15, 3, 13, 6 ], "texture": "#east" }
    }
},
{
    "from": [ 0, 5, 13 ],
    "to": [ 3, 8, 15 ],
    "__comment": "Cube*",
    "faces": {
        "down":  { "uv": [ 0, 13, 3, 15 ], "texture": "#down" },
        "up":    { "uv": [ 0, 13, 3, 15 ], "texture": "#up" },
        "north": { "uv": [ 3, 8, 0, 11 ], "texture": "#north" },
        "south": { "uv": [ 0, 8, 3, 11 ], "texture": "#south" },
        "west":  { "uv": [ 13, 3, 15, 6 ], "texture": "#west" },
        "east":  { "uv": [ 15, 3, 13, 6 ], "texture": "#east" }
    }
},
{
    "from": [ 0, 0, 15 ],
    "to": [ 3, 16, 16 ],
    "faces": {
        "down":  { "uv": [ 13, 15, 16, 16 ], "texture": "#down" },
        "up":    { "uv": [ 13, 15, 16, 16 ], "texture": "#up" },
        "north": { "uv": [ 3, 0, 0, 16 ], "texture": "#north" },
        "south": { "uv": [ 0, 0, 3, 16 ], "texture": "#south" },
        "west":  { "uv": [ 0, 0, 1, 16 ], "texture": "#west" },
        "east":  { "uv": [ 1, 0, 0, 16 ], "texture": "#east" }
    }
}
]
}