{
    "__comment": "Fair warning, this format is highly likely to change even more in the future!",
    "ambientocclusion": false,
    "inventoryRender3D": false,
    "textures": {
        "particle": "blocks/ladder",
        "all": "blocks/ladder"
    },
	"elements": [ 
{
    "from": [ 1, 1, 14 ],
    "to": [ 15, 3, 14.5 ],
    "faces": {
        "down": {
            "uv": [ 1, 14, 15, 14.5 ],
            "texture": "#all"
        },
        "up": {
            "uv": [ 1, 14, 15, 14.5 ],
            "texture": "#all"
        },
        "north": {
            "uv": [ 1, 13, 15, 15 ],
            "texture": "#all"
        },
        "south": {
            "uv": [ 1, 13, 15, 15 ],
            "texture": "#all"
        },
        "west": {
            "uv": [ 14, 13, 14.5, 15 ],
            "texture": "#all"
        },
        "east": {
            "uv": [ 14, 13, 14.5, 15 ],
            "texture": "#all"
        }
    }
},
{
    
    "from": [ 1, 5, 14 ],
    "to": [ 15, 7, 14.5 ],
    "faces": {
        "down": {
            "uv": [ 1, 14, 15, 14.5 ],
            "texture": "#all"
        },
        "up": {
            "uv": [ 1, 14, 15, 14.5 ],
            "texture": "#all"
        },
        "north": {
            "uv": [ 1, 9, 15, 11 ],
            "texture": "#all"
        },
        "south": {
            "uv": [ 1, 9, 15, 11 ],
            "texture": "#all"
        },
        "west": {
            "uv": [ 14, 9, 14.5, 11 ],
            "texture": "#all"
        },
        "east": {
            "uv": [ 14, 9, 14.5, 11 ],
            "texture": "#all"
        }
    }
},
{
    
    "from": [ 1, 9, 14 ],
    "to": [ 15, 11, 14.5 ],
    "faces": {
        "down": {
            "uv": [ 1, 14, 15, 14.5 ],
            "texture": "#all"
        },
        "up": {
            "uv": [ 1, 14, 15, 14.5 ],
            "texture": "#all"
        },
        "north": {
            "uv": [ 1, 5, 15, 7 ],
            "texture": "#all"
        },
        "south": {
            "uv": [ 1, 5, 15, 7 ],
            "texture": "#all"
        },
        "west": {
            "uv": [ 14, 5, 14.5, 7 ],
            "texture": "#all"
        },
        "east": {
            "uv": [ 14, 5, 14.5, 7 ],
            "texture": "#all"
        }
    }
},
{
    
    "from": [ 1, 13, 14 ],
    "to": [ 15, 15, 14.5 ],
    "faces": {
        "down": {
            "uv": [ 1, 1, 15, 2 ],
            "texture": "#all"
        },
        "up": {
            "uv": [ 1, 1, 15, 2 ],
            "texture": "#all"
        },
        "north": {
            "uv": [ 1, 1, 15, 3 ],
            "texture": "#all"
        },
        "south": {
            "uv": [ 1, 1, 15, 3 ],
            "texture": "#all"
        },
        "west": {
            "uv": [ 1, 1, 2, 3 ],
            "texture": "#all"
        },
        "east": {
            "uv": [ 14, 1, 15, 3 ],
            "texture": "#all"
        }
    }
},
{
    
    "from": [ 12, 0, 14.5 ],
    "to": [ 14, 16, 16 ],
    "faces": {
        "down": {
            "uv": [ 12, 14.5, 14, 16 ],
            "texture": "#all"
        },
        "up": {
            "uv": [ 12, 14.5, 14, 16 ],
            "texture": "#all"
        },
        "north": {
            "uv": [ 12, 0, 14, 16 ],
            "texture": "#all"
        },
        "south": {
            "uv": [ 12, 0, 14, 16 ],
            "texture": "#all"
        },
        "west": {
            "uv": [ 12, 0, 14, 16 ],
            "texture": "#all"
        },
        "east": {
            "uv": [ 12, 0, 14, 16 ],
            "texture": "#all"
        }
    }
},
{
    
    "from": [ 2, 0, 14.5 ],
    "to": [ 4, 16, 16 ],
    "faces": {
        "down": {
            "uv": [ 2, 14.5, 4, 16 ],
            "texture": "#all"
        },
        "up": {
            "uv": [ 2, 0, 4, 1.5 ],
            "texture": "#all"
        },
        "north": {
            "uv": [ 2, 0, 4, 16 ],
            "texture": "#all"
        },
        "south": {
            "uv": [ 2, 0, 4, 16 ],
            "texture": "#all"
        },
        "west": {
            "uv": [ 12, 0, 14, 16 ],
            "texture": "#all"
        },
        "east": {
            "uv": [ 2, 0, 4, 16 ],
            "texture": "#all"
        }
    }
}
]
}
