{
    "__comment": "Fair warning, this format is highly likely to change even more in the future!",
    "ambientocclusion": false,
    "textures": {
        "particle": "blocks/waterlily",
        "all": "blocks/waterlily"
    },
    "elements": [ 
{
    
    "from": [ 2, -1, 5 ],
    "to": [ 15, 0, 11 ],
    "faces": {
        "down": {
            "uv": [ 2, 5, 15, 11 ],
            "texture": "#all", "tintindex": 0
        },
        "up": {
            "uv": [ 2, 5, 15, 11 ],
            "texture": "#all", "tintindex": 0
        },
        "north": {
            "uv": [ 2, 5, 15, 6 ],
            "texture": "#all", "tintindex": 0
        },
        "south": {
            "uv": [ 2, 10, 15, 11 ],
            "texture": "#all", "tintindex": 0
        },
        "west": {
            "uv": [ 14, 5, 15, 11 ],
            "texture": "#all", "tintindex": 0
        },
        "east": {
            "uv": [ 14, 5, 15, 11 ],
            "texture": "#all", "tintindex": 0
        }
    }
},
{
    
    "from": [ 3, -1, 11 ],
    "to": [ 14, 0, 13 ],
    "faces": {
        "down": {
            "uv": [ 3, 11, 14, 13 ],
            "texture": "#all", "tintindex": 0
        },
        "up": {
            "uv": [ 3, 11, 14, 13 ],
            "texture": "#all", "tintindex": 0
        },
        "north": {
            "uv": [ 3, 11, 14, 12 ],
            "texture": "#all", "tintindex": 0
        },
        "south": {
            "uv": [ 3, 12, 14, 13 ],
            "texture": "#all", "tintindex": 0
        },
        "west": {
            "uv": [ 4, 13, 6, 14 ],
            "texture": "#all", "tintindex": 0
        },
        "east": {
            "uv": [ 11, 13, 13, 14 ],
            "texture": "#all", "tintindex": 0
        }
    }
},
{
    
    "from": [ 4, -1, 13 ],
    "to": [ 13, 0, 14 ],
    "faces": {
        "down": {
            "uv": [ 4, 13, 13, 14 ],
            "texture": "#all", "tintindex": 0
        },
        "up": {
            "uv": [ 4, 13, 13, 14 ],
            "texture": "#all", "tintindex": 0
        },
        "north": {
            "uv": [ 4, 13, 13, 14 ],
            "texture": "#all", "tintindex": 0
        },
        "south": {
            "uv": [ 4, 13, 13, 14 ],
            "texture": "#all", "tintindex": 0
        },
        "west": {
            "uv": [ 12, 13, 13, 14 ],
            "texture": "#all", "tintindex": 0
        },
        "east": {
            "uv": [ 4, 13, 5, 14 ],
            "texture": "#all", "tintindex": 0
        }
    }
},
{
    
    "from": [ 6, -1, 14 ],
    "to": [ 11, 0, 15 ],
    "faces": {
        "down": {
            "uv": [ 6, 14, 11, 15 ],
            "texture": "#all", "tintindex": 0
        },
        "up": {
            "uv": [ 6, 14, 11, 15 ],
            "texture": "#all", "tintindex": 0
        },
        "north": {
            "uv": [ 6, 14, 11, 15 ],
            "texture": "#all", "tintindex": 0
        },
        "south": {
            "uv": [ 6, 14, 11, 15 ],
            "texture": "#all", "tintindex": 0
        },
        "west": {
            "uv": [ 10, 14, 11, 15 ],
            "texture": "#all", "tintindex": 0
        },
        "east": {
            "uv": [ 6, 14, 7, 15 ],
            "texture": "#all", "tintindex": 0
        }
    }
},
{
    
    "from": [ 2, -1, 4 ],
    "to": [ 8, 0, 5 ],
    "faces": {
        "down": {
            "uv": [ 2, 4, 8, 5 ],
            "texture": "#all", "tintindex": 0
        },
        "up": {
            "uv": [ 2, 4, 8, 5 ],
            "texture": "#all", "tintindex": 0
        },
        "north": {
            "uv": [ 2, 4, 8, 5 ],
            "texture": "#all", "tintindex": 0
        },
        "south": {
            "uv": [ 2, 4, 8, 5 ],
            "texture": "#all", "tintindex": 0
        },
        "west": {
            "uv": [ 2, 4, 3, 5 ],
            "texture": "#all", "tintindex": 0
        },
        "east": {
            "uv": [ 7, 4, 8, 5 ],
            "texture": "#all", "tintindex": 0
        }
    }
},
{
    
    "from": [ 9, -1, 4 ],
    "to": [ 15, 0, 5 ],
    "faces": {
        "down": {
            "uv": [ 9, 4, 15, 5 ],
            "texture": "#all", "tintindex": 0
        },
        "up": {
            "uv": [ 9, 4, 15, 5 ],
            "texture": "#all", "tintindex": 0
        },
        "north": {
            "uv": [ 9, 4, 15, 5 ],
            "texture": "#all", "tintindex": 0
        },
        "south": {
            "uv": [ 9, 4, 15, 5 ],
            "texture": "#all", "tintindex": 0
        },
        "west": {
            "uv": [ 9, 4, 10, 5 ],
            "texture": "#all", "tintindex": 0
        },
        "east": {
            "uv": [ 14, 4, 15, 5 ],
            "texture": "#all", "tintindex": 0
        }
    }
},
{
    
    "from": [ 3, -1, 3 ],
    "to": [ 8, 0, 4 ],
    "faces": {
        "down": {
            "uv": [ 3, 3, 8, 4 ],
            "texture": "#all", "tintindex": 0
        },
        "up": {
            "uv": [ 3, 3, 8, 4 ],
            "texture": "#all", "tintindex": 0
        },
        "north": {
            "uv": [ 3, 3, 8, 4 ],
            "texture": "#all", "tintindex": 0
        },
        "south": {
            "uv": [ 3, 3, 8, 4 ],
            "texture": "#all", "tintindex": 0
        },
        "west": {
            "uv": [ 3, 3, 4, 4 ],
            "texture": "#all", "tintindex": 0
        },
        "east": {
            "uv": [ 7, 3, 8, 4 ],
            "texture": "#all", "tintindex": 0
        }
    }
},
{
    
    "from": [ 3, -1, 2 ],
    "to": [ 7, 0, 3 ],
    "faces": {
        "down": {
            "uv": [ 3, 2, 7, 3 ],
            "texture": "#all", "tintindex": 0
        },
        "up": {
            "uv": [ 3, 2, 7, 3 ],
            "texture": "#all", "tintindex": 0
        },
        "north": {
            "uv": [ 3, 2, 7, 3 ],
            "texture": "#all", "tintindex": 0
        },
        "south": {
            "uv": [ 3, 2, 7, 3 ],
            "texture": "#all", "tintindex": 0
        },
        "west": {
            "uv": [ 6, 2, 7, 3 ],
            "texture": "#all", "tintindex": 0
        },
        "east": {
            "uv": [ 3, 2, 4, 3 ],
            "texture": "#all", "tintindex": 0
        }
    }
},
{
    
    "from": [ 4, -1, 1 ],
    "to": [ 6, 0, 2 ],
    "faces": {
        "down": {
            "uv": [ 4, 1, 6, 2 ],
            "texture": "#all", "tintindex": 0
        },
        "up": {
            "uv": [ 4, 1, 6, 2 ],
            "texture": "#all", "tintindex": 0
        },
        "north": {
            "uv": [ 4, 1, 6, 2 ],
            "texture": "#all", "tintindex": 0
        },
        "south": {
            "uv": [ 4, 1, 6, 2 ],
            "texture": "#all", "tintindex": 0
        },
        "west": {
            "uv": [ 4, 1, 5, 2 ],
            "texture": "#all", "tintindex": 0
        },
        "east": {
            "uv": [ 5, 1, 6, 2 ],
            "texture": "#all", "tintindex": 0
        }
    }
},
{
    
    "from": [ 9, -1, 3 ],
    "to": [ 14, 0, 4 ],
    "faces": {
        "down": {
            "uv": [ 9, 3, 14, 4 ],
            "texture": "#all", "tintindex": 0
        },
        "up": {
            "uv": [ 9, 3, 14, 4 ],
            "texture": "#all", "tintindex": 0
        },
        "north": {
            "uv": [ 9, 3, 14, 4 ],
            "texture": "#all", "tintindex": 0
        },
        "south": {
            "uv": [ 9, 3, 14, 4 ],
            "texture": "#all", "tintindex": 0
        },
        "west": {
            "uv": [ 13, 3, 14, 4 ],
            "texture": "#all", "tintindex": 0
        },
        "east": {
            "uv": [ 9, 3, 10, 4 ],
            "texture": "#all", "tintindex": 0
        }
    }
},
{
    
    "from": [ 10, -1, 2 ],
    "to": [ 14, 0, 3 ],
    "faces": {
        "down": {
            "uv": [ 10, 2, 14, 3 ],
            "texture": "#all", "tintindex": 0
        },
        "up": {
            "uv": [ 10, 2, 14, 3 ],
            "texture": "#all", "tintindex": 0
        },
        "north": {
            "uv": [ 10, 2, 14, 3 ],
            "texture": "#all", "tintindex": 0
        },
        "south": {
            "uv": [ 10, 2, 14, 3 ],
            "texture": "#all", "tintindex": 0
        },
        "west": {
            "uv": [ 10, 2, 11, 3 ],
            "texture": "#all", "tintindex": 0
        },
        "east": {
            "uv": [ 13, 2, 14, 3 ],
            "texture": "#all", "tintindex": 0
        }
    }
},
{
    
    "from": [ 11, -1, 1 ],
    "to": [ 13, 0, 2 ],
    "faces": {
        "down": {
            "uv": [ 11, 1, 13, 2 ],
            "texture": "#all", "tintindex": 0
        },
        "up": {
            "uv": [ 11, 1, 13, 2 ],
            "texture": "#all", "tintindex": 0
        },
        "north": {
            "uv": [ 11, 1, 13, 2 ],
            "texture": "#all", "tintindex": 0
        },
        "south": {
            "uv": [ 11, 1, 13, 2 ],
            "texture": "#all", "tintindex": 0
        },
        "west": {
            "uv": [ 11, 1, 12, 2 ],
            "texture": "#all", "tintindex": 0
        },
        "east": {
            "uv": [ 12, 1, 13, 2 ],
            "texture": "#all", "tintindex": 0
        }
    }
}
]
}
