{
"__comment": "Model by @Georg_Schmo",
"ambientocclusion": false,
"inventoryRender3D": false,
"textures": {
    "down": "blocks/trapdoor",
    "up": "blocks/trapdoor",
    "north": "blocks/trapdoor",
    "south": "blocks/trapdoor",
    "west": "blocks/trapdoor",
    "east": "blocks/trapdoor",
    "particle": "blocks/trapdoor"
},
"elements": [ 
{
    "from": [ 3, 6, 13 ],
    "to": [ 6, 10, 16 ],
    "faces": {
        "down":  { "uv": [ 3, 13, 6, 16 ], "texture": "#down" },
        "up":    { "uv": [ 3, 13, 6, 16 ], "texture": "#up" },
        "north": { "uv": [ 6, 6, 3, 10 ], "texture": "#north" },
        "south": { "uv": [ 3, 6, 6, 10 ], "texture": "#south" },
        "west":  { "uv": [ 13, 6, 16, 10 ], "texture": "#west" },
        "east":  { "uv": [ 16, 6, 13, 10 ], "texture": "#east" }
    }
},
{
    "from": [ 10, 6, 13 ],
    "to": [ 13, 10, 16 ],
    "faces": {
        "down":  { "uv": [ 10, 13, 13, 16 ], "texture": "#down" },
        "up":    { "uv": [ 10, 13, 13, 16 ], "texture": "#up" },
        "north": { "uv": [ 13, 6, 10, 10 ], "texture": "#north" },
        "south": { "uv": [ 10, 6, 13, 10 ], "texture": "#south" },
        "west":  { "uv": [ 13, 6, 16, 10 ], "texture": "#west" },
        "east":  { "uv": [ 16, 6, 13, 10 ], "texture": "#east" }
    }
},
{
    "from": [ 6, 3, 13 ],
    "to": [ 10, 13, 16 ],
    "faces": {
        "down":  { "uv": [ 6, 16, 10, 13 ], "texture": "#down" },
        "up":    { "uv": [ 6, 13, 10, 16 ], "texture": "#up" },
        "north": { "uv": [ 10, 3, 6, 13 ], "texture": "#north" },
        "south": { "uv": [ 6, 3, 10, 13 ], "texture": "#south" },
        "west":  { "uv": [ 13, 3, 16, 13 ], "texture": "#west" },
        "east":  { "uv": [ 16, 3, 13, 13 ], "texture": "#east" }
    }
},
{
    "from": [ 0, 0, 13 ],
    "to": [ 16, 3, 16 ],
    "faces": {
        "down":  { "uv": [ 0, 16, 16, 13 ], "texture": "#down" },
        "up":    { "uv": [ 0, 13, 16, 16 ], "texture": "#up" },
        "north": { "uv": [ 16, 13, 0, 16 ], "texture": "#north" },
        "south": { "uv": [ 0, 13, 16, 16 ], "texture": "#south" },
        "west":  { "uv": [ 13, 13, 16, 16 ], "texture": "#west" },
        "east":  { "uv": [ 16, 13, 13, 16 ], "texture": "#east" }
    }
},
{
    "from": [ 0, 3, 13 ],
    "to": [ 3, 13, 16 ],
    "faces": {
        "down":  { "uv": [ 0, 16, 3, 13 ], "texture": "#down" },
        "up":    { "uv": [ 0, 13, 3, 16 ], "texture": "#up" },
        "north": { "uv": [ 3, 3, 0, 13 ], "texture": "#north" },
        "south": { "uv": [ 0, 3, 3, 13 ], "texture": "#south" },
        "west":  { "uv": [ 13, 3, 16, 13 ], "texture": "#west" },
        "east":  { "uv": [ 16, 3, 13, 13 ], "texture": "#east" }
    }
},
{
    "from": [ 0, 13, 13 ],
    "to": [ 16, 16, 16 ],
    "faces": {
        "down":  { "uv": [ 0, 16, 16, 13 ], "texture": "#down" },
        "up":    { "uv": [ 0, 13, 16, 16 ], "texture": "#up" },
        "north": { "uv": [ 16, 0, 0, 3 ], "texture": "#north" },
        "south": { "uv": [ 0, 0, 16, 3 ], "texture": "#south" },
        "west":  { "uv": [ 13, 0, 16, 3 ], "texture": "#west" },
        "east":  { "uv": [ 16, 0, 13, 3 ], "texture": "#east" }
    }
},
{
    "from": [ 13, 3, 13 ],
    "to": [ 16, 13, 16 ],
    "faces": {
        "down":  { "uv": [ 13, 0, 16, 3 ], "texture": "#down" },
        "up":    { "uv": [ 13, 0, 16, 3 ], "texture": "#up" },
        "north": { "uv": [ 16, 3, 13, 13 ], "texture": "#north" },
        "south": { "uv": [ 13, 3, 16, 13 ], "texture": "#south" },
        "west":  { "uv": [ 0, 3, 3, 13 ], "texture": "#west" },
        "east":  { "uv": [ 3, 3, 0, 13 ], "texture": "#east" }
    }
}
]
}