{
"__comment": "Designed by VinciHD with BDcraft Cubik PRO 0.96 Beta - http://bdcraft.net",
"ambientocclusion": false,
"textures": {
    "particle": "blocks/comparator_off",
    "slab": "blocks/stone_slab_top",
    "top": "blocks/comparator_off",
    "unlit": "blocks/redstone_torch_off"
},
"elements": [ 
{
    "from": [ 0, 0, 0 ],
    "to": [ 16, 2, 16 ],
    "faces": {
        "down":  { "uv": [ 0, 0, 16, 16 ], "texture": "#slab", "cullface": "down" },
        "up":    { "uv": [ 0, 0, 16, 16 ], "texture": "#top" },
        "north": { "uv": [ 0, 14, 16, 16 ], "texture": "#slab", "cullface": "north" },
        "south": { "uv": [ 0, 14, 16, 16 ], "texture": "#slab", "cullface": "south" },
        "west":  { "uv": [ 0, 14, 16, 16 ], "texture": "#slab", "cullface": "west" },
        "east":  { "uv": [ 0, 14, 16, 16 ], "texture": "#slab", "cullface": "east" }
    }
},
{
    "from": [ 4, 2, 11 ],
    "to": [ 6, 7, 13 ],
    "faces": {
        "down":  { "uv": [ 7, 13, 9, 15 ], "texture": "#unlit" },
        "up":    { "uv": [ 7, 6, 9, 8 ], "texture": "#unlit" },
        "north": { "uv": [ 7, 6, 9, 11 ], "texture": "#unlit" },
        "south": { "uv": [ 7, 6, 9, 11 ], "texture": "#unlit" },
        "west":  { "uv": [ 7, 6, 9, 11 ], "texture": "#unlit" },
        "east":  { "uv": [ 7, 6, 9, 11 ], "texture": "#unlit" }
    }
},
{
    "from": [ 10, 2, 11 ],
    "to": [ 12, 7, 13 ],
    "faces": {
        "down":  { "uv": [ 7, 13, 9, 15 ], "texture": "#unlit" },
        "up":    { "uv": [ 7, 6, 9, 8 ], "texture": "#unlit" },
        "north": { "uv": [ 7, 6, 9, 11 ], "texture": "#unlit" },
        "south": { "uv": [ 7, 6, 9, 11 ], "texture": "#unlit" },
        "west":  { "uv": [ 7, 6, 9, 11 ], "texture": "#unlit" },
        "east":  { "uv": [ 7, 6, 9, 11 ], "texture": "#unlit" }
    }
},
{
    "from": [ 7, 2, 2 ],
    "to": [ 9, 4, 4 ],
    "faces": {
        "down":  { "uv": [ 7, 13, 9, 15 ], "texture": "#unlit" },
        "up":    { "uv": [ 7, 6, 9, 8 ], "texture": "#unlit" },
        "north": { "uv": [ 7, 6, 9, 8 ], "texture": "#unlit" },
        "south": { "uv": [ 7, 6, 9, 8 ], "texture": "#unlit" },
        "west":  { "uv": [ 7, 6, 9, 8 ], "texture": "#unlit" },
        "east":  { "uv": [ 7, 6, 9, 8 ], "texture": "#unlit" }
    }
}
],
"display": {
    "thirdperson_righthand": {
        "rotation": [ -130, -45, 170 ],
        "translation": [ -0.19, 2.65, -1.7 ],
        "scale": [ 0.37, 0.37, 0.37 ]
    },
    "thirdperson_lefthand": {
        "rotation": [ -130, -45, 170 ],
        "translation": [ -0.19, 2.65, -1.7 ],
        "scale": [ 0.37, 0.37, 0.37 ]
    },
    "head": {
        "rotation": [ 0, 0, 0 ],
        "translation": [ 0, 0, 0 ],
        "scale": [ 1, 1, 1 ]
    },
    "ground": {
        "rotation": [ 0, 0, 0 ],
        "translation": [ 0, 1.13, 0 ],
        "scale": [ 0.2, 0.2, 0.2 ]
    },
    "firstperson_righthand": {
        "rotation": [ -1, 45, 1 ],
        "translation": [ -0.38, 4.16, 0.19 ],
        "scale": [ 0.4, 0.4, 0.4 ]
    },
    "firstperson_lefthand": {
        "rotation": [ -1, 45, 1 ],
        "translation": [ -0.38, 4.16, 0.19 ],
        "scale": [ 0.4, 0.4, 0.4 ]
    },
    "gui": {
        "rotation": [ 30, 135, 0 ],
        "translation": [ 0, 0, 0 ],
        "scale": [ 0.62, 0.62, 0.62 ]
    }
}
}