{"ambientocclusion":false,"textures":{"side":"blocks/hopper_outside","inside":"blocks/hopper_inside","top":"blocks/hopper_top"},"elements":[{"from":[0,10,0],"to":[16,11,16],"faces":{"down":{"uv":[0,0,16,16],"texture":"#side"},"up":{"uv":[0,0,16,16],"texture":"#inside"},"north":{"uv":[0,5,16,6],"texture":"#side"},"south":{"uv":[0,5,16,6],"texture":"#side"},"west":{"uv":[0,5,16,6],"texture":"#side"},"east":{"uv":[0,5,16,6],"texture":"#side"}}},{"from":[0,11,0],"to":[2,16,16],"faces":{"down":{"uv":[0,0,2,16],"texture":"#side"},"up":{"uv":[0,0,2,16],"texture":"#top"},"north":{"uv":[0,0,2,5],"texture":"#side"},"south":{"uv":[0,0,2,5],"texture":"#side"},"west":{"uv":[0,0,16,5],"texture":"#side"},"east":{"uv":[0,0,16,5],"texture":"#side"}}},{"from":[14,11,0],"to":[16,16,16],"faces":{"down":{"uv":[14,0,16,16],"texture":"#side"},"up":{"uv":[14,0,16,16],"texture":"#top"},"north":{"uv":[14,0,16,5],"texture":"#side"},"south":{"uv":[14,0,16,5],"texture":"#side"},"west":{"uv":[0,0,16,5],"texture":"#side"},"east":{"uv":[0,0,16,5],"texture":"#side"}}},{"from":[2,11,0],"to":[14,16,2],"faces":{"down":{"uv":[2,0,14,2],"texture":"#side"},"up":{"uv":[2,0,14,2],"texture":"#top"},"north":{"uv":[2,0,14,5],"texture":"#side"},"south":{"uv":[2,0,14,5],"texture":"#side"},"west":{"uv":[0,0,2,5],"texture":"#side"},"east":{"uv":[0,0,2,5],"texture":"#side"}}},{"from":[2,11,14],"to":[14,16,16],"faces":{"down":{"uv":[2,14,14,16],"texture":"#side"},"up":{"uv":[2,14,14,16],"texture":"#top"},"north":{"uv":[2,0,14,5],"texture":"#side"},"south":{"uv":[2,0,14,5],"texture":"#side"},"west":{"uv":[14,0,16,5],"texture":"#side"},"east":{"uv":[14,0,16,5],"texture":"#side"}}},{"from":[4,4,4],"to":[12,10,12],"faces":{"down":{"uv":[4,4,12,12],"texture":"#side"},"up":{"uv":[4,4,12,12],"texture":"#side"},"north":{"uv":[4,6,12,12],"texture":"#side"},"south":{"uv":[4,6,12,12],"texture":"#side"},"west":{"uv":[4,6,12,12],"texture":"#side"},"east":{"uv":[4,6,12,12],"texture":"#side"}}},{"from":[6,4,0],"to":[10,8,4],"faces":{"down":{"uv":[6,0,10,4],"texture":"#side"},"up":{"uv":[6,0,10,4],"texture":"#side"},"north":{"uv":[6,8,10,12],"texture":"#side"},"south":{"uv":[6,8,10,12],"texture":"#side"},"west":{"uv":[0,8,4,12],"texture":"#side"},"east":{"uv":[0,8,4,12],"texture":"#side"}}}],"display":{"thirdperson_righthand":{"rotation":[-95,-40,170],"translation":[-0.19,3.97,0],"scale":[0.37,0.37,0.37 ]},"thirdperson_lefthand":{"rotation":[-95,-40,170],"translation":[-0.19,3.97,0],"scale":[0.37,0.37,0.37 ]},"head":{"rotation":[180,0,0],"translation":[0,10,0],"scale":[1,1,1 ]},"ground":{"rotation":[0,0,0],"translation":[0,1.13,0],"scale":[0.2,0.2,0.2 ]},"firstperson_righthand":{"rotation":[-1,45,1],"translation":[-0.38,0.19,0.19],"scale":[0.4,0.4,0.4 ]},"firstperson_lefthand":{"rotation":[-1,45,1],"translation":[-0.38,0.19,0.19],"scale":[0.4,0.4,0.4 ]},"gui":{"rotation":[30,135,0],"translation":[0,0,-0.94],"scale":[0.62,0.62,0.62 ]}}}