{
"__comment": "Designed by VinciHD with BDcraft Cubik PRO 0.96 Beta - http://bdcraft.net",
"ambientocclusion": false,
"textures": {
    "particle": "blocks/trapdoor",
    "down": "blocks/trapdoor",
    "up": "blocks/trapdoor",
    "north": "blocks/trapdoor",
    "south": "blocks/trapdoor",
    "west": "blocks/trapdoor",
    "east": "blocks/trapdoor"
},
"elements": [ 
{
    "from": [ 10, 13, 6 ],
    "to": [ 13, 16, 10 ],
    "faces": {
        "down":  { "uv": [ 10, 10, 13, 6 ], "texture": "#down" },
        "up":    { "uv": [ 10, 6, 13, 10 ], "texture": "#up" },
        "north": { "uv": [ 13, 0, 10, 3 ], "texture": "#north" },
        "south": { "uv": [ 10, 0, 13, 3 ], "texture": "#south" },
        "west":  { "uv": [ 6, 0, 10, 3 ], "texture": "#west" },
        "east":  { "uv": [ 10, 0, 6, 3 ], "texture": "#east" }
    }
},
{
    "from": [ 3, 13, 6 ],
    "to": [ 6, 16, 10 ],
    "faces": {
        "down":  { "uv": [ 3, 10, 6, 6 ], "texture": "#down" },
        "up":    { "uv": [ 3, 6, 6, 10 ], "texture": "#up" },
        "north": { "uv": [ 6, 0, 3, 3 ], "texture": "#north" },
        "south": { "uv": [ 3, 0, 6, 3 ], "texture": "#south" },
        "west":  { "uv": [ 6, 0, 10, 3 ], "texture": "#west" },
        "east":  { "uv": [ 10, 0, 6, 3 ], "texture": "#east" }
    }
},
{
    "from": [ 6, 13, 3 ],
    "to": [ 10, 16, 13 ],
    "faces": {
        "down":  { "uv": [ 6, 3, 10, 13 ], "texture": "#down" },
        "up":    { "uv": [ 6, 3, 10, 13 ], "texture": "#up" },
        "north": { "uv": [ 10, 13, 6, 16 ], "texture": "#north" },
        "south": { "uv": [ 6, 13, 10, 16 ], "texture": "#south" },
        "west":  { "uv": [ 3, 13, 13, 16 ], "texture": "#west" },
        "east":  { "uv": [ 13, 13, 3, 16 ], "texture": "#east" }
    }
},
{
    "from": [ 3, 13, 13 ],
    "to": [ 13, 16, 16 ],
    "faces": {
        "down":  { "uv": [ 3, 16, 13, 13 ], "texture": "#down" },
        "up":    { "uv": [ 3, 13, 13, 16 ], "texture": "#up" },
        "north": { "uv": [ 13, 13, 3, 16 ], "texture": "#north" },
        "south": { "uv": [ 3, 13, 13, 16 ], "texture": "#south" },
        "west":  { "uv": [ 13, 13, 16, 16 ], "texture": "#west" },
        "east":  { "uv": [ 16, 13, 13, 16 ], "texture": "#east" }
    }
},
{
    "from": [ 13, 13, 0 ],
    "to": [ 16, 16, 16 ],
    "faces": {
        "down":  { "uv": [ 13, 16, 16, 0 ], "texture": "#down" },
        "up":    { "uv": [ 13, 0, 16, 16 ], "texture": "#up" },
        "north": { "uv": [ 16, 0, 13, 3 ], "texture": "#north" },
        "south": { "uv": [ 13, 0, 16, 3 ], "texture": "#south" },
        "west":  { "uv": [ 0, 0, 16, 3 ], "texture": "#west" },
        "east":  { "uv": [ 16, 0, 0, 3 ], "texture": "#east" }
    }
},
{
    "from": [ 3, 13, 0 ],
    "to": [ 13, 16, 3 ],
    "faces": {
        "down":  { "uv": [ 3, 3, 13, 0 ], "texture": "#down" },
        "up":    { "uv": [ 3, 0, 13, 3 ], "texture": "#up" },
        "north": { "uv": [ 13, 13, 3, 16 ], "texture": "#north" },
        "south": { "uv": [ 3, 13, 13, 16 ], "texture": "#south" },
        "west":  { "uv": [ 0, 13, 3, 16 ], "texture": "#west" },
        "east":  { "uv": [ 3, 13, 0, 16 ], "texture": "#east" }
    }
},
{
    "from": [ 0, 13, 0 ],
    "to": [ 3, 16, 16 ],
    "faces": {
        "down":  { "uv": [ 0, 0, 3, 16 ], "texture": "#down" },
        "up":    { "uv": [ 0, 0, 3, 16 ], "texture": "#up" },
        "north": { "uv": [ 3, 13, 0, 16 ], "texture": "#north" },
        "south": { "uv": [ 0, 13, 3, 16 ], "texture": "#south" },
        "west":  { "uv": [ 0, 13, 16, 16 ], "texture": "#west" },
        "east":  { "uv": [ 16, 13, 0, 16 ], "texture": "#east" }
    }
}
],
"display": {
    "thirdperson_righthand": {
        "rotation": [ -95, -40, 170 ],
        "translation": [ -0.19, 3.97, 0 ],
        "scale": [ 0.37, 0.37, 0.37 ]
    },
    "thirdperson_lefthand": {
        "rotation": [ -95, -40, 170 ],
        "translation": [ -0.19, 3.97, 0 ],
        "scale": [ 0.37, 0.37, 0.37 ]
    },
    "head": {
        "rotation": [ 0, 0, 0 ],
        "translation": [ 0, 1, 0 ],
        "scale": [ 1, 1, 1 ]
    },
    "ground": {
        "rotation": [ 0, 0, 0 ],
        "translation": [ 0, 1.13, 0 ],
        "scale": [ 0.2, 0.2, 0.2 ]
    },
    "firstperson_righthand": {
        "rotation": [ -1, 45, 1 ],
        "translation": [ -0.38, 0.19, 0.19 ],
        "scale": [ 0.4, 0.4, 0.4 ]
    },
    "firstperson_lefthand": {
        "rotation": [ -1, 45, 1 ],
        "translation": [ -0.38, 0.19, 0.19 ],
        "scale": [ 0.4, 0.4, 0.4 ]
    },
    "gui": {
        "rotation": [ 30, 135, 0 ],
        "translation": [ 0, -6.99, 6.8 ],
        "scale": [ 0.62, 0.62, 0.62 ]
    }
}
}